"0","# Tab 1"
"0",""
"0","gp_dyn_df <- overlapAnalysis(df)"
"2","CRS object has comment, which is lost in output"
"2","CRS object has comment, which is lost in output"
"2","CRS object has comment, which is lost in output"
"2","CRS object has comment, which is lost in output"
"2","CRS object has comment, which is lost in output"
"2","CRS object has comment, which is lost in output"
"2","CRS object has comment, which is lost in output"
"2","CRS object has comment, which is lost in output"
"2","CRS object has comment, which is lost in output"
"2","CRS object has comment, which is lost in output"
"2","CRS object has comment, which is lost in output"
"2","CRS object has comment, which is lost in output"
"2","CRS object has comment, which is lost in output"
"2","CRS object has comment, which is lost in output"
"2","CRS object has comment, which is lost in output"
"2","CRS object has comment, which is lost in output"
"2","CRS object has comment, which is lost in output"
"2","CRS object has comment, which is lost in output"
"2","CRS object has comment, which is lost in output"
"2","CRS object has comment, which is lost in output"
"2","CRS object has comment, which is lost in output"
"2","CRS object has comment, which is lost in output"
"2","CRS object has comment, which is lost in output"
"2","CRS object has comment, which is lost in output"
"2","CRS object has comment, which is lost in output"
"2","CRS object has comment, which is lost in output"
"2","CRS object has comment, which is lost in output"
"2","CRS object has comment, which is lost in output"
"2","CRS object has comment, which is lost in output"
"2","CRS object has comment, which is lost in output"
"2","CRS object has comment, which is lost in output"
"0","names(gp_dyn_df) <- c(""Primary Group"",""Home Range Size of Primary Group"",""Interacting Group"",""Home Range Overlapped Area"",""Percentage to Size of Primary Group"")"
"0",""
"0","nice_datatable(gp_dyn_df %>% mutate_if(is.numeric, round, 2))"
